{"cameraMode":{"drawMode":0,"name":"Shaded","section":"Shading Mode"},"sceneLighting":true,"audioPlay":false,"sceneViewState":{"showFog":true,"showMaterialUpdate":false,"showSkybox":true,"showFlares":true,"showImageEffects":true,"showParticleSystems":true},"in2DMode":false,"pivot":{"x":8.345215797424317,"y":4.111136436462402,"z":2.05639910697937},"rotation":{"x":0.033300984650850299,"y":-0.011997164227068425,"z":0.00041011866414919496,"w":0.9993846416473389},"size":20.30884552001953,"orthographic":false}