{"cameraMode":{"drawMode":0,"name":"Shaded","section":"Shading Mode"},"sceneLighting":true,"audioPlay":false,"sceneViewState":{"showFog":true,"showMaterialUpdate":false,"showSkybox":true,"showFlares":true,"showImageEffects":true,"showParticleSystems":true},"in2DMode":false,"pivot":{"x":0.0,"y":0.23379994928836823,"z":-9.879999160766602},"rotation":{"x":0.23520532250404359,"y":-0.5387197732925415,"z":0.15976518392562867,"w":0.7930654287338257},"size":0.7598127722740173,"orthographic":false}