{"cameraMode":{"drawMode":0,"name":"Shaded","section":"Shading Mode"},"sceneLighting":true,"audioPlay":false,"sceneViewState":{"showFog":true,"showMaterialUpdate":false,"showSkybox":true,"showFlares":true,"showImageEffects":true,"showParticleSystems":true},"in2DMode":false,"pivot":{"x":-325.1704406738281,"y":197.96429443359376,"z":-29.941213607788087},"rotation":{"x":-0.2780274450778961,"y":-0.06063195690512657,"z":0.019325539469718934,"w":-0.9588932991027832},"size":152.26626586914063,"orthographic":false}