{"cameraMode":{"drawMode":0,"name":"Shaded","section":"Shading Mode"},"sceneLighting":true,"audioPlay":false,"sceneViewState":{"showFog":true,"showMaterialUpdate":false,"showSkybox":true,"showFlares":true,"showImageEffects":true,"showParticleSystems":true},"in2DMode":false,"pivot":{"x":2.609494924545288,"y":11.182083129882813,"z":-8.203441619873047},"rotation":{"x":0.03629997745156288,"y":0.012004106305539608,"z":-0.00042487832251936197,"w":0.9992866516113281},"size":11.52145767211914,"orthographic":false}